Questions,Answers,Type,Ask,QueryUser?,
rr For I am not ashamed of the gospel,1:16,8,,0,
rr for it is the power of God for salvation to everyone who believes,1:16,8,,0,
rr to the Jew first and also to the Greek,1:16,8,,0,
the subordination of one clause to another,hypotaxis,8,,0,
rr everyone who believes,"1:16; 3:22; 4:11; 10:4, 11",8,,1,
rr I am under obligation,1:14,7,,0,
"Greek for ""serve""",latreuo,8,,0,
rr For the wrath of God is revealed from heaven,1:18,9,,0,
rr against all ungodliness and unrighteousness of men,1:18,9,,0,
rr who by their unrighteousness suppress the truth,1:18,9,,0,
esv: For the wrath of God is revealed from heaven against all ungodliness and unrighteousness of men who by their unrighteousness suppress the truth,blanks,9,,0,
"Moo's translation of ""plain to them"" (v19)",manifest among them,9,,0,
"Moo's translation of ""shown it"" (v19)",made it manifest,9,,0,
1:19 first and last words,"for, them",9,,0,
"esv: For what can be known about God is plain to them, because God has shown it to them",blanks,9,,0,
"Moo's translation of ""divine nature""",deity,9,,0,
1:20 first and last words,"For, excuse",9,,0,
"esv: For his invisible attributes, namely, his eternal power and divine nature, have been clearly perceived, ever since the creation of the world",blanks,9,,0,
"esv: ever since the creation of the world, in the things that have been made.  So they are without excuse",blanks,9,,0,
"Gk for ""honor""",ed(o)xasan,9,,0,
"Moo's translation of ""honor him as God""",glorify Him as God,9,,0,
1:21a first and last words,"for, him",9,,0,
"esv: For although they knew God, they did not honor him as God or give thanks to him",blanks,9,,0,
rr they became,"1:21b, 22",9,,0,
rr futile in their thinking,1:21b,9,,0,
rr foolish hearts,1:21b,9,,0,
rr darkened,1:21b,9,,0,
"Moo's translation of ""thinking""",reasonings,9,,0,
"Moo's translation of ""foolish hearts were darkened""","hearts, lacking understanding, were darkened",9,,0,
1:21b first and last words,"But, darkened",9,,0,
esv: But they became futile in their thinking and their foolish hearts were darkened,blanks,9,,0,
"rr Claiming to be wise, they became fools",1:22,9,,0,
"Moo's translation of ""claiming to be""",supposing themselves to be,9,,0,
"esv: Claiming to be wise, they became fools",blanks,9,,0,
rr and exchanged the glory,1:23,9,,0,
rr glory of the immortal God,1:23,9,,0,
rr for images resembling mortal man,1:23,9,,0,
rr birds and animals and creeping things,1:23,9,,0,
"Moo's translation of ""images resembling""",the likeness of the image of,9,,0,
1:23 first and last words,"and, things",9,,0,
esv: and exchanged the glory of the immortal God for images resembling mortal man and birds and animals and creeping things,blanks,9,,0,
rr God gave them up,"1:24, 26, 28",9,,0,
rr in the lusts of their hearts to impurity,1:24,9,,0,
rr the dishonoring of their bodies among themselves,1:24,9,,0,
"Gk for ""dishonoring""",atim(a)zesthai,9,,0,
"Moo's translation of ""lusts"" (v24)",passions,9,,0,
Moo's translation of paradidowmi,handed them over,9,,0,
"Moo's translation of ""impurity""",uncleanness,9,,0,
1:24 first and last words,"Therefore, themselves",9,,0,
"esv: Therefore God gave them up in the lusts of their hearts to impurity, to the dishonoring of their bodies among themselves",blanks,9,,0,
rr because they exchanged the truth,1:25,9,,0,
rr truth about God for a lie,1:25,9,,0,
rr worshiped and served the creature ,1:25,9,,0,
rr creature rather than the creator,1:25,9,,0,
rr who is blessed forever! Amen.,1:25,9,,0,
1:25 first and last words,"because, Amen",9,,0,
esv: because they exchanged the truth about God for a lie and worshiped and served the creature rather than the Creator,blanks,9,,0,
esv: Worshiped and served the creature rather than the Creator who is blessed forever! Amen.,blanks,9,,0,
"Gk for ""dishonorable""",atim(i)as,9,,0,
rr For this reason God gave them up to dishonorable passions.,1:26,9,,0,
rr exchanged natural relations,1:26,9,,0,
rr contrary to nature,1:26,9,,0,
"Moo's translation: ""women exchanged ____ for""",the natural use of their bodies,9,,0,
1:26 first and last words,"For, nature",9,,0,
esv: For this reason God gave them up to dishonorable passions. For their women exchanged natural relations for those that are contrary to nature,blanks,9,,0,
rr and the men likewise,1:27a,9,,0,
rr natural relations,"1:26, 27a",9,,0,
rr gave up natural relations,1:27a,9,,0,
rr consumed with passion,1:27a,9,,0,
rr passion for one another,1:27a,9,,0,
"Moo's translation of ""were consumed with passion""",burned in their desire,9,,0,
1:27a first and last words,"and, another",9,,0,
esv: and the men likewise gave up natural relations with women and were consumed with passion for one another,blanks,9,,0,
rr men committing shameless acts with men,1:27b,9,,0,
rr and receiving in themselves the due penalty for their error,1:27b,9,,0,
1:27b first and last words,"men, error",9,,0,
esv: men committing shameless acts with men and receiving in themselves the due penalty for their error,blanks,9,,0,
,,,,,
rr But now the righteousness of God has been manifested apart from the law,3:21,10,,0,
"rr No one is righteous, no not one",3:10,10,,0,
Piper's view: rr: The Wrath of God against Gentiles,1:18-32,10,,0,
Piper's view: rr: The Wrath of God against the Jews,2:1-3:8,10,,0,
"rr since, therefore, we have been justified by his blood",5:9,10,,0,
rr much more shall we be saved by him from the wrath of God,5:9,10,,0,
,,,,,
Moo outline: The Letter Opening,I,11,,0,
"rr ""The Letter Opening""",1:1-17,11,,0,
Moo outline: 1:1-17,I,11,,0,
rr Outline: I,1:1-17,11,,0,
Moo outline: The Heart of the Gospel: Justification By Faith,II,11,,0,
"rr ""The Heart of the Gospel: Justification By Faith""",1:18-4:25,11,,0,
Moo outline: 1:18-4:25,II,11,,0,
rr Outline: II,1:18-4:25,11,,0,
Moo outline: The Assurance Provided by the Gospel: The Hope of Salvation,III,11,,0,
"rr ""The Assurance Provided by the Gospel: The Hope of Salvation""",5:1-8:39,11,,0,
Moo outline: 5:1-8:39,III,11,,0,
rr outline: III,5:1-8:39,11,,0,
Moo outline: The Defense of the Gospel: The Problem of Israel,IV,11,,0,
"rr  ""The Defense of the Gospel: The Problem of Israel""",9:1-11:36,11,,0,
Moo outline: 9:1-11:36,IV,11,,0,
rr outline: IV,9:1-11:36,11,,0,
Moo outline: The Transforming Power of the Gospel: Christian Conduct,V,11,,0,
"rr ""The Transforming Power of the Gospel: Christian Conduct""",12:1-15:13,11,,0,
Moo outline: 12:1-15:13,V,11,,0,
rr outline: V,12:1-15:13,11,,0,
Moo outline: The Letter Closing,VI,11,,0,
"rr ""The Letter Closing""",15:14-16:27,11,,0,
Moo outline: 15:14-16:27,VI,11,,0,
rr outline: VI,15:14-16:27,11,,0,
,,,,,
"rr: What then? Are we Jews any better off? No, not at all. For we have already charged that all, both Jews and Greeks, are under sin.",3:9,12,,0,
"rr as it is written: ""None is righteous, no, not one""",3:10,12,,0,
"rr But if our unrighteousness serves to show the righteousness of God, what shall we say? That God is unrighteous to inflict wrath on us?",3:5,12,,0,
"rr But now the righteousness of God has been manifested apart from the law, although the Law and the Prophets bear witness to it",3:21,12,,0,
rr the righteousness of God through faith in Jesus Christ for all who believe. For there is no distinction:,3:22,12,,0,
"rr Parallel to ""is being revealed"" in 1:17",1:18,12,,0,
"rr Parallel to ""is being revealed"" in 1:18",1:17,12,,0,
"parallel to ""life""",salvation,12,,0,
"parallel to ""salvation""",life,12,,0,
,,,,,
1:28 first and last words,"and, done",13,,,
rr And since they did not see fit to acknowledge God,1:28,13,,,
rr God gave them up to a debased mind,1:28,13,,,
rr to do what ought not to be done,1:28,13,,,
"Moo's translation of ""and since they did not""",and even as they did not,13,,,
"Moo's translation of ""acknowledge God""",retain God in knowledge,13,,,
"Moo's translation of ""debased""",worthless,13,,,
"Greek for ""not see fit""",edok(i)masan,13,,,
"Greek for ""debased""",ad(o)kimon,13,,,
"Greek for ""approve, test""",dokim(a)zow,13,,,
"esv: And since they did not see fit to acknowledge God, God gave them up to a debased mind to do what ought not to be done.",blanks,13,,,
1:29a - FL,"They, malice",13,,,
rr They were filled with all manner of unrighteousness,1:29a,13,,,
set: EVV for adik(i)a,"unrighteousness, wickedness",13,,,
"rr evil, covetousness, malice",1:29a,13,,,
All maner of (Gk.) ____?,"adik(i)a, ponayr(i)a, pleonex(i)a, kak(i)a",13,,,
set: EVV for ponayr(i)a,"evil, wickedness",13,,,
set: EVV for pleonex(i)a,"covetousness, greed",13,,,
set: EVV for kak(i)a,"malice, wickedness, evil, depravity, maliciousness",13,,,
"esv: They were filled with all manner of unrighteousness, evil, covetousness, malice. ",blanks,13,,,
1:29b - FL,"They, gossips",13,,,
"rr They are full of envy, murder, strife",1:29b,13,,,
Gk. for envy,psth(o)nou,13,,,
Gk. for murder,ps(o)nou,13,,,
"rr deceit, maliciousness.  They are gossips,",1:29b,13,,,
"esv: They are full of envy, murder, strife, deceit, maliciousness. They are gossips,",blanks,13,,,
"esv: They were filled with all manner of unrighteousness, evil, covetousness, malice.  They are full of envy, murder, strife, deceit, maliciousness. They are gossips,",blanks,13,,,
1:30 - FL,"slanderers, parents",13,,,
"rr slanderers, haters of God, insolent",1:30,13,,,
"rr haughty, boastful, inventors of evil, disobedient to parents",1:30,13,,,
Moo's translation of boastful,overbearing,13,,,
"esv: They are full of envy, murder, strife, deceit, maliciousness. They are gossips, slanderers, haters of God, insolent, haughty, boastful, inventors of evil, disobedient to parents,",blanks,13,,,
1:31 - FL,"foolish, ruthless",13,,,
"rr foolish, faithless, heartless, ruthless.",1:31,13,,,
"esv: They are full of envy, murder, strife, deceit, maliciousness. They are gossips, slanderers, haters of God, insolent, haughty, boastful, inventors of evil, disobedient to parents, foolish, faithless, heartless, ruthless.",blanks,13,,,
1:32a - FL,"though, die",13,,,
rr Though they know God's decree,1:32a,13,,,
rr that those who practice such things deserve to die,1:32a,13,,,
"Moo's translation of ""decree""",righteous decree,13,,,
"esv: foolish, faithless, heartless, ruthless. Though they know God's decree that those who practice such things deserve to die",blanks,13,,,
1:32b - FL,"They, them",13,,,
rr they not only do them but give approval,1:32b,13,,,
rr to those who practice them,1:32b,13,,,
"esv: Though they know God's decree that those who practice such things deserve to die, they not only do them but give approval to those who practice them. ",blanks,13,,,
,,,,,
rr *honor*,"1:21a, 24, 26; 2:7, 10",14,,0,
rr exchanged,"1:23, 25, 26",14,,0,
rr passion(s),"1:26, 27a",14,,0,
"rr parallel with ""unrighteousness"" of 1:18",1:17,14,,0,
rr gnosis word group in chapter 1,"1:19, 21a, 32a",14,,0,
,,,,,
Verses in chapter 1 with an a/b breakdown,"21, 27, 29, 32",13,,0,
"rr ""Judg*"" in chapter 2","2:1a, 1b, 2, 3, 5b",15,,0,
"Moo's translation of ""by their unrighteousness""",in unrighteousness,15,,0,
Moo's translation of apacaleptetai,is being revealed,15,,0,
"Moo's translation of ""men""",human beings,15,,0,
,,,,,
"rr ""excuse"" ",1:20; 2:1a,18,,0,
"Greek for ""gave them up"" /  ""handed them over""",paradidowmi,18,,0,
"Greek for ""exchanged"" in 1:23",allassow,18,,0,
"Greek for ""exchanged"" in vv. 25 and 27",metallassow,18,,0,
"What_God_gave_them_up_to: impurity, dishonoring, passions, mind",blanks,18,,0,
"What_Mankind_Exchanged: glory, truth, relations",blanks,18,,0,
"What_they_exchanged_for: images, lie, relations",blanks,18,,0,
,,,,,
"Moo Outline: ""The Universal Reign of Sin""",II.A,19,,0,
"rr (Moo's Outline) ""The Universal Reign of Sin""",1:18-3:20,19,,0,
Moo Outline: 1:18-3:20,II.A,19,,0,
rr (Moo's Outline) II.A,1:18-3:20,19,,0,
"Moo Outline: ""Justification by Faith""",II.B,19,,0,
"rr (Moo's Outline) ""Justification by Faith""",3:21-4:25,19,,0,
Moo Outline: 3:21-4:25,II.B,19,,0,
rr (Moo's Outline) II.B,3:21-4:25,19,,0,
"Moo Outline: ""All Persons Are Accountable to God for Sin""",II.A.1,19,,0,
"rr (Moo's Outline) ""All Persons Are Accountable to God for Sin""",1:18-32,19,,0,
Moo Outline: 1:18-32,II.A.1,19,,0,
rr (Moo's Outline) II.A.1,1:18-32,19,,0,
"Moo Outline: ""The Jews are Accountable to God for Sin""",II.A.2,19,,0,
"rr (Moo's Outline) ""The Jews are Accountable to God for Sin""",2:1-3:8,19,,0,
Moo Outline: 2:1-3:8,II.A.2,19,,0,
rr (Moo's Outline) II.A.2,2:1-3:8,19,,0,
"Moo Outline: ""The Guilt of All Humanity""",II.A.3,19,,0,
"rr (Moo's Outline) ""The Guilt of All Humanity""",3:9-20,19,,0,
Moo Outline: 3:9-20,II.A.3,19,,0,
rr (Moo's Outline) II.A.3,3:9-20,19,,0,
,,,,,
"Moo Outline: ""The Jews and The Judgment of God""",II.A.2.a,24,,,
"rr (Moo's Outline)  ""The Jews and The Judgment of God""",2:1-16,24,,,
Moo Outline: 2:1-16,II.A.2.a,24,,,
rr (Moo's Outline) II.A.2.a,2:1-16,24,,,
"Moo Outline: ""The Limitations of the Covenant""",II.A.2.b,24,,,
"rr (Moo's Outline)  ""The Limitations of the Covenant""",2:17-29,24,,,
Moo Outline: 2:17-29,II.A.2.b,24,,,
rr (Moo's Outline) II.A.2.b,2:17-29,24,,,
"Moo Outline: ""God's Faithfulness and the Judgment of the Jews""",II.A.2.c,24,,,
"rr (Moo's Outline)  ""God's Faithfulness and the Judgment of the Jews",3:1-8,24,,,
Moo Outline: 3:1-8,II.A.2.c,24,,,
rr (Moo's Outline) II.A.2.c,3:1-8,24,,,
"Moo Outline: ""Critique of Jewish Presumption""",II.A.2.a.i,24,,,
"rr (Moo's Outline)  ""Critique of Jewish Presumption""",2:1-5,24,,,
Moo Outline: 2:1-5,II.A.2.a.i,24,,,
rr (Moo's Outline) II.A.2.a.i,2:1-5,24,,,
"Moo Outline: ""The Impartiality of Judgment""",II.A.2.a.ii,24,,,
"rr (Moo's Outline)  ""The Impartiality of Judgment""",2:6-11,24,,,
Moo Outline: 2:6-11,II.A.2.a.ii,24,,,
rr (Moo's Outline) II.A.2.a.ii,2:6-11,24,,,
"Moo Outline: ""Judgment and the Law""",II.A.2.a.iii,24,,,
"rr (Moo's Outline)  ""Judgment and the Law""",2:12-16,24,,,
Moo Outline: 2:12-16,II.A.2.a.iii,24,,,
rr (Moo's Outline) II.A.2.a.iii,2:12-16,24,,,
"Moo Outline: ""The Law""",II.A.2.b.i,24,,,
"rr (Moo's Outline)  ""The Law""",2:17-24,24,,,
Moo Outline: 2:17-24,II.A.2.b.i,24,,,
rr (Moo's Outline) II.A.2.b.i,2:17-24,24,,,
"Moo Outline: ""Circumcision""",II.A.2.b.ii,24,,,
"rr (Moo's Outline)  ""Circumcision""",2:25-29,24,,,
Moo Outline: 2:25-29,II.A.2.b.ii,24,,,
rr (Moo's Outline) II.A.2.b.ii,2:25-29,24,,,
,,,,,
"Rom 2:1a, first and last words","Therefore, judges",15,,,
rr no excuse,2:1a,15,,,
"NIV for ""en how gar kr(i)neis""",for at whatever point you judge,15,,,
"ESV for ""en how gar kr(i)neis""",for in passing judgment,15,,,
rr every one of you who judges,2:1a,15,,,
"NIV for ""pas o kr(i)non""",you who pass judgment on someone else,15,,,
"Rom 2:1b, first and last words","For, things",15,,,
rr passing judgment,2:1b,15,,,
rr condemn yourself,2:1b,15,,,
"rr you, the judge",2:1b,15,,,
"esv: Therefore you have no excuse, O man, every one of you who judges.  For in passing judgment on another you condemn yourself, because you, the judge, practice the very same things. ",blanks,15,,,
rr the judgment of God,"2:2, 3",15,,,
"Rom 2:2, first and last words","we, things",15,,,
rr we know,2:2,15,,,
rr rightly falls,2:2,15,,,
"NIV for ""estin kat(a) al(ay)theian""",is according to truth,15,,,
"Gk. for NIV's ""a mere human being""",o (a)nthrowpe,15,,,
rr those who practice such things,"1:32a; 2:2, 3",15,,,
Practice,"1:32a, 32b; 2:1b, 2, 3",15,,,
"esv: For in passing judgment on another you condemn yourself, because you, the judge, practice the very same things. We know that the judgment of God rightly falls on those who practice such things.",blanks,15,,,
"Rom 2:3, first and last words","Do, God",15,,,
rr do you suppose,2:3,15,,,
rr you who judge,2:3,15,,,
rr do them yourself,2:3,15,,,
"esv: We know that the judgment of God rightly falls on those who practice such things.  Do you suppose, O man- you who judge those who practice such things and yet do them yourself- that you will escape the judgment of God? ",blanks,15,,,
"Rom 2:4a, first and last words","Or, patience",15,,,
rr do you presume,2:4a,15,,,
NIV for kataphrone(i)s,show contempt for,15,,,
"Gk. For ""presume on""",kataphrone(i)s,15,,,
rr riches of his kindness,2:4a,15,,,
rr forbearance and patience,2:4a,15,,,
"esv: Do you suppose, O man- you who judge those who practice such things and yet do them yourself- that you will escape the judgment of God? Or do you presume on the riches of his kindness and forbearance and patience,",blanks,15,,,
"Rom 2:4b, first and last words","Not, repentance",15,,,
rr not knowing,2:4b,15,,,
rr God's kindness,2:4b,15,,,
rr repentance,2:4b,15,,,
"esv: Or do you presume on the riches of his kindness and forbearance and patience, not knowing that God's kindness is meant to lead you to repentance? ",blanks,15,,,
"Rom 2:5a, first and last words","But, yourself",15,,,
rr your hard and impenitent heart,2:5a,15,,,
rr storing up wrath,2:5a,15,,,
esv: not knowing that God's kindness is meant to lead you to repentance?  But because of your hard and impenitent heart you are storing up wrath for yourself ,blanks,15,,,
"Rom 2:5b, first and last words","On, revealed",15,,,
rr the day of wrath,2:5b,15,,,
rr God's righteous judgment,2:5b,15,,,
rr will be revealed,2:5b,15,,,
esv: But because of your hard and impenitent heart you are storing up wrath for yourself on the day of wrath when God's righteous judgment will be revealed.,blanks,15,,,
rr o man,"2:1a, 3",15,,,
,,,,,
FL - 2:6,"He, works",16,0,0,
rr He will render to each one according to his works: ,2:6,16,0,0,
rr render,2:6,16,0,0,
rr according to,2:6,16,0,0,
rr his works,2:6,16,0,0,
#rr hos apod(ow)seiek(ao)tow kat(a) ta (e)rga (au)tou,2:6,16,0,0,
"set: EVV for ""hos""","God, who, He",16,0,0,16
"set: EVV for ""apod(ow)sei hesk(a)stow""","repay each person, render to each one",16,0,0,16
"set: EVV for ""ta (e)rga (au)tou""","what they have done, his works, his deeds",16,0,0,16
esv: on the day of wrath when God's righteous judgment will be revealed. He will render to each one according to his works: ,blanks,16,0,0,
FL - 2:7,"to, life",16,0,0,
"rr to those who by patience in well-doing seek for glory and honor and immortality, he will give eternal life; ",2:7,16,0,0,
rr *seek*,"2:7, 8",16,0,0,
rr patience,"2:4a, 7",16,0,0,
rr glory and honor and immortality,2:7,16,0,0,
rr eternal life,2:7,16,0,0,
#rr tois men kath hupomon(ay)n (e)rgou (a)gathou d(o)xan k(ai)tim(ay)n kai aphthars(i)an zayt(ou)sin zow(ay)n ai(ow)nion,2:7,16,0,0,16
"EVV for ""aphthars(i)an""",immortality,16,0,0,16
"set: EVV for ""hupomon(ay)n""","persistence, patient continuance, perseverance, patience",16,0,0,16
"esv: He will render to each one according to his works:  to those who by patience in well-doing seek for glory and honor and immortality, he will give eternal life; ",blanks,16,0,0,
FL - 2:8,"but, fury",16,0,0,
"rr but for those who are self-seeking and do not obey the truth, but obey unrighteousness, there will be wrath and fury. ",2:8,16,0,0,
rr obey the truth,2:8,16,0,0,
rr obey unrighteousness,2:8,16,0,0,
rr wrath and fury,2:8,16,0,0,
rr obe*,1:5; 2:8; 16:26,16,0,0,
#rr de tois de ex epith(ei)as kai apeith(ou)sit(ay) alayth(ei)a peithom(e)nois de tay adik(i)a org(ay) kai thum(o)s,2:8,16,0,0,16
"set: EVV for ""de ex epith(ei)""","selfishly ambitious, self-seeking",16,0,0,16
"set: EVV for ""apeith(ou)sitay""","reject, disobey",16,0,0,16
"set: EVV for ""peithom(e)nois""","are obeying, obey, follow",16,0,0,16
"set: EVV for ""adik(i)a"" in 2:8","evil, unrighteousness",16,0,0,16
"set: EVV for ""org(ay)""","wrath, indignation",16,0,0,16
"set: EVV for ""thum(o)s""","wrath, indignation, fury, anger",16,0,0,16
"esv: to those who by patience in well-doing seek for glory and honor and immortality, he will give eternal life; but for those who are self-seeking and do not obey the truth, but obey unrighteousness, there will be wrath and fury. ",blanks,16,0,0,
FL - 2:9,"There, Greek",16,0,0,
"rr There will be tribulation and distress for every human being who does evil, the Jew first and also the Greek, ",2:9,16,0,0,
rr tribulation and distress,2:9,16,0,0,
rr does evil,2:9,16,0,0,
"#rr thl(i)psis kai stenockowr(i)a ep(i)pasan psuck(ay)n anthr(ow)pou tou katergazou(e)vou to kak(o)n, Ioud(ai)out e pr(ow)ton kai H(e)llaynos",2:9,16,0,0,16
"set: EVV for ""stenockowr(i)a""","distress, anguish",16,0,0,16
"set: EVV for ""thl(i)psis""","tribulation, affliction, trouble",16,0,0,16
"set: EVV for ""psuck(ay)n anthr(ow)pou""","soul of man, human being",16,0,0,16
"set: EVV for ""H(e)llaynos""","Gentile, Greek",16,0,0,16
"esv: but for those who are self-seeking and do not obey the truth, but obey unrighteousness, there will be wrath and fury. There will be tribulation and distress for every human being who does evil, the Jew first and also the Greek, ",blanks,16,0,0,
FL - 2:10,"but, Greek",16,0,0,
"rr but glory and honor and peace for everyone who does good, the Jew first and also the Greek. ",2:10,16,0,0,
rr does good,2:10,16,0,0,
rr glory and honor and peace,2:10,16,0,0,
#rr d(o)xa de kai tim(ay) kai eir(ay)nay pant(i) tow ergazou(e)now to agath(ow)n Ioud(ai)owte pr(ow)ton kai H(e)llayni,2:10,16,0,0,16
"EVV for ""agath(ow)n""",good,16,0,0,16
"esv: There will be tribulation and distress for every human being who does evil, the Jew first and also the Greek, but glory and honor and peace for everyone who does good, the Jew first and also the Greek. ",blanks,16,0,0,
FL - 2:11,"For, partiality",16,0,0,
rr For God shows no partiality.,2:11,16,0,0,
#rr ou gar estin prowsowpolaymps(i)a par(a) tow the(ow),2:11,16,0,0,16
"set: EVV for ""prowsowpolaymps(i)a""","partiality, favoritism",16,0,0,16
"esv: but glory and honor and peace for everyone who does good, the Jew first and also the Greek. For God shows no partiality.",blanks,16,0,0,
Cool facts about 2:6-11,title,16,0,0,
"other Greek word for ""immortality""",athanasia,16,0,0,16
,,,,,
FL - 2:12a,"For, law",25,,0,
rr sinned without the law,2:12a,25,,0,
rr without the law,2:12a,25,,0,
rr will also perish,2:12a,25,,0,
"Gk. for ""without the law""",an(o)mows,25,,0,
"Gk. for ""perish""",apol(ou)ntai,25,,0,
esv: For God shows no partiality. For all who have sinned without the law will also perish without the law,blanks,25,,0,
FL - 2:12b,"and, law",25,,0,
rr sinned under the law,2:12b,25,,0,
rr under the law,2:12b,25,,0,
rr judged by the law,2:12b,25,,0,
"Gk. for ""judged""",kr(i)now,25,,0,
esv: For all who have sinned without the law will also perish without the law and all who have sinned under the law will be judged by the law.,blanks,25,,0,
FL - 2:13,"For, justified",25,,0,
rr hearers of the law,2:13,25,,0,
rr doers of the law,2:13,25,,0,
rr righteous before God,2:13,25,,0,
rr justified,2:13,25,,0,
"Gk. for ""righteous"" [before God]",d(i)kaioi,25,,0,
"Gk. for ""will be justified""",dikaiowth(ay)sontai,25,,0,
"esv: and all who have sinned under the law will be judged by the law. For it is not the hearers of the law who are righteous before God, but the doers of the law who will be justified.",blanks,25,,0,
FL - 2:14a,"For, requires",25,,0,
rr when Gentiles,2:14a,25,,0,
rr do not have the law,"2:14a, 14b",25,,0,
rr by nature,2:14a,25,,0,
rr who do not have the law,2:14a,25,,0,
rr the law requires,2:14a,25,,0,
"Gk. for ""by nature""",ph(u)sei,25,,0,
Set: EVV for ph(u)sei,"by nature, instinctively",25,,0,
"esv: For it is not the hearers of the law who are righteous before God, but the doers of the law who will be justified. For when Gentiles, who do not have the law, by nature do what the law requires",blanks,25,,0,
FL - 2:14b,"they, law",25,,0,
rr they are,2:14b,25,,0,
rr a law,2:14b,25,,0,
rr they do not have the law,2:14b,25,,0,
"set: EVV for ""eauto(i)s ... n(o)mos""","law to themselves, law for themselves",25,,0,
"esv: For when Gentiles, who do not have the law, by nature do what the law requires they are a law to themselves, even though they do not have the law.",blanks,25,,0,
FL - 2:15a,"they, hearts",25,,0,
rr They show,2:15a,25,,0,
rr work of the law,2:15a,25,,0,
rr written on their hearts,2:15a,25,,0,
"set: EVV for ""(e)rgon tou n(o)mou""","work of the law, requirements of the law",25,,0,
"esv: they are a law to themselves, even though they do not have the law. They show that the work of the law is written on their hearts,",blanks,25,,0,
FL - 2:15b,"while, them",25,,0,
rr bears witness,2:15b,25,,0,
rr conscience,2:15b,25,,0,
rr conflicting thoughts,2:15b,25,,0,
rr accuse or,2:15b,25,,0,
set: EVV for apologoum(e)nown,"defending, excuse, excusing",25,,0,
"Gk. for ""excuse"" [them]",apologoum(e)nown,25,,0,
"esv: They show that the work of the law is written on their hearts, while their conscience also bears witness, and their conflicting thoughts accuse or even excuse them",blanks,25,,0,
FL - 2:16,"on, Jesus",25,,0,
rr on that day,2:16,25,,0,
rr secrets of men,2:16,25,,0,
rr according to my gospel,2:16,25,,0,
"Gk. for ""the secrets""",ta krupt(a),25,,0,
"esv: while their conscience also bears witness, and their conflicting thoughts accuse or even excuse them  on that day when, according to my gospel, God judges the secrets of men by Christ Jesus.",blanks,25,,0,
,,,,,
FL - 2:17,"But, God",26,,0,
rr But if you call yourself a Jew and rely on the law and boast in God,2:17,26,,0,
rr call yourself a Jew,2:17,26,,0,
rr rely on the law,2:17,26,,0,
rr boast in God,2:17,26,,0,
"esv:  on that day when, according to my gospel, God judges the secrets of men by Christ Jesus. But if you call yourself a Jew and rely on the law and boast in God",blanks,26,,0,
FL - 2:18,"and, law",26,,0,
"rr and know his will and approve what is excellent, because you are instructed from the law",2:18,26,,0,
rr know his will,2:18,26,,0,
rr approve what is excellent,2:18,26,,0,
rr instructed from the law,2:18,26,,0,
"esv: But if you call yourself a Jew and rely on the law and boast in God and know his will and approve what is excellent, because you are instructed from the law",blanks,26,,0,
FL - 2:19,"and, darkness",26,,0,
"rr and if you are sure that you yourself are a guide to the blind, a light to those who are in darkness",2:19,26,,0,
rr you are sure that you yourself,2:19,26,,0,
rr guide to the blind,2:19,26,,0,
rr light to those,2:19,26,,0,
rr who are in darkness,2:19,26,,0,
"esv: and know his will and approve what is excellent, because you are instructed from the law and if you are sure that you yourself are a guide to the blind, a light to those who are in darkness",blanks,26,,0,
FL - 2:20a,"an, children",26,,0,
"rr an instructor of the foolish, a teacher of children",2:20a,26,,0,
rr instructor of the foolish,2:20a,26,,0,
rr teacher of children,2:20a,26,,0,
"esv: and if you are sure that you yourself are a guide to the blind, a light to those who are in darkness, an instructor of the foolish, a teacher of children",blanks,26,,0,
FL - 2:20b,"having, truth",26,,0,
rr having in the law the embodiment of knowledge and truth,2:20b,26,,0,
rr having in the law,2:20b,26,,0,
rr embodiment,2:20b,26,,0,
rr knowledge and truth,2:20b,26,,0,
"esv: an instructor of the foolish, a teacher of children, having in the law the embodiment of knowledge and truth",blanks,26,,0,
FL - 2:21a,"you, yourself",26,,0,
"rr you then who teach others, do you not teach yourself?",2:21a,26,,0,
rr you then who,2:21a,26,,0,
rr teach others,2:21a,26,,0,
rr teach yourself?,2:21a,26,,0,
"esv: having in the law the embodiment of knowledge and truth you then who teach others, do you not teach yourself?",blanks,26,,0,
FL - 2:21b,"while, steal",26,,0,
"rr While you preach against stealing, do you steal?",2:21b,26,,0,
rr preach against stealing,2:21b,26,,0,
rr do you steal?,2:21b,26,,0,
"esv: you then who teach others, do you not teach yourself? While you preach against stealing, do you steal?",blanks,26,,0,
FL - 2:22a,"you, adultery",26,,0,
"rr You who say that one must not commit adultery, do you commit adultery?",2:22a,26,,0,
rr not commit adultery,2:22a,26,,0,
rr do you commit,2:22a,26,,0,
"esv: While you preach against stealing, do you steal? You who say that one must not commit adultery, do you commit adultery?",blanks,26,,0,
FL - 2:22b,"you, temples",26,,0,
"rr You who abhor idols, do you rob temples?",2:22b,26,,0,
rr abhor idols,2:22b,26,,0,
rr rob temples,2:22b,26,,0,
"esv: You who say that one must not commit adultery, do you commit adultery? You who abhor idols, do you rob temples?",blanks,26,,0,
FL - 2:23,"you, law",26,,0,
rr You who boast in the law dishonor God by breaking the law.,2:23,26,,0,
rr boast in the law,2:23,26,,0,
rr dishonor God,2:23,26,,0,
rr breaking the law,2:23,26,,0,
"esv: You who abhor idols, do you rob temples? You who boast in the law dishonor God by breaking the law.",blanks,26,,0,
FL - 2:24,"For, you",26,,0,
"rr For, as it is written, ""The name of God is blasphemed among the Gentiles because of you.",2:24,26,,0,
rr the name of God,2:24,26,,0,
rr blasphemed,2:24,26,,0,
rr among the Gentiles,2:24,26,,0,
rr because of you,2:24,26,,0,
"esv: You who boast in the law dishonor God by breaking the law.  For, as it is written, ""The name of God is blasphemed among the Gentiles because of you.",blanks,26,,0,
,,,,,
FL - 2:25a,"For, law",27,0,0,
"rr For circumcision indeed is of value if you obey the law,",2:25a,27,0,0,
rr circumcision indeed,2:25a,27,0,0,
rr if you obey the law,2:25a,27,0,0,
"esv: For, as it is written, ""The name of God is blasphemed among the Gentiles because of you.  For circumcision indeed is of value if you obey the law,",blanks,27,0,0,
FL - 2:25b,"but, uncircumcision",27,0,0,
"rr but if you break the law, your circumcision becomes uncircumcision.",2:25b,27,0,0,
rr if you break the law,2:25b,27,0,0,
rr becomes uncircumcision,2:25b,27,0,0,
"esv:  For circumcision indeed is of value if you obey the law, but if you break the law, your circumcision becomes uncircumcision.",blanks,27,0,0,
FL - 2:26a,"So, law",27,0,0,
"rr So, if a man who is uncircumcised keeps the precepts of the law,",2:26a,27,0,0,
rr keeps the precepts,2:26a,27,0,0,
rr a man who is uncircumcised,2:26a,27,0,0,
"esv: but if you break the law, your circumcision becomes uncircumcision. So, if a man who is uncircumcised keeps the precepts of the law,",blanks,27,0,0,
FL - 2:26b,"will, circumcision",27,0,0,
rr will not his uncircumcision be regarded as circumcision?,2:26b,27,0,0,
rr his uncircumcision,2:26b,27,0,0,
rr regarded as circumcision,2:26b,27,0,0,
"esv: So, if a man who is uncircumcised keeps the precepts of the law, will not his uncircumcision be regarded as circumcision?",blanks,27,0,0,
FL - 2:27a,"Then, you",27,0,0,
rr Then he who is physically uncircumcised but keeps the law will condemn you,2:27a,27,0,0,
rr physically uncircumcised,2:27a,27,0,0,
rr keeps the law,2:27a,27,0,0,
rr will condemn you,2:27a,27,0,0,
esv: will not his uncircumcision be regarded as circumcision? Then he who is physically uncircumcised but keeps the law will condemn you,blanks,27,0,0,
FL - 2:27b,"who, law",27,0,0,
rr who have the written code and circumcision but break the law.,2:27b,27,0,0,
rr who have,2:27b,27,0,0,
rr the written code,2:27b,27,0,0,
rr but break the law,2:27b,27,0,0,
esv: Then he who is physically uncircumcised but keeps the law will condemn you who have the written code and circumcision but break the law.,blanks,27,0,0,
FL - 2:28a,"For, outwardly",27,0,0,
"rr For no one is a Jew who is merely one outwardly, ",2:28a,27,0,0,
rr no one is a Jew,2:28a,27,0,0,
rr merely one outwardly,2:28a,27,0,0,
"esv: who have the written code and circumcision but break the law. For no one is a Jew who is merely one outwardly, ",blanks,27,0,0,
FL - 2:28b,"nor, physical",27,0,0,
rr nor is circumcision outward and physical.,2:28b,27,0,0,
rr nor is circumcision,2:28b,27,0,0,
rr outward and physical,2:28b,27,0,0,
"esv: For no one is a Jew who is merely one outwardly, nor is circumcision outward and physical.",blanks,27,0,0,
FL - 2:29a,"But, letter",27,0,0,
"rr But a Jew is one inwardly, and circumcision is a matter of the heart, by the Spirit, not by the letter.",2:29a,27,0,0,
rr a Jew is one inwardly,2:29a,27,0,0,
rr a matter of the heart,2:29a,27,0,0,
rr by the Spirit,2:29a,27,0,0,
rr not by the letter,2:29a,27,0,0,
"esv: nor is circumcision outward and physical. But a Jew is one inwardly, and circumcision is a matter of the heart, by the Spirit, not by the letter.",blanks,27,0,0,
FL - 2:29b,"His, God",27,0,0,
rr His praise is not from man but from God.,2:29b,27,0,0,
rr His praise,2:29b,27,0,0,
rr not from man,2:29b,27,0,0,
rr but from God,2:29b,27,0,0,
"esv: But a Jew is one inwardly, and circumcision is a matter of the heart, by the Spirit, not by the letter. His praise is not from man but from God.",blanks,27,0,0,
,,,,,
FL - 3:1,"Then, circumcision",28,,0,
rr Then what advantage has the Jew? Or what is the value of circumcision?,3:1,28,,0,
rr Then what,3:1,28,,,
rr advantage,3:1,28,,,
rr has the Jew,3:1,28,,,
rr Or whati s the value,3:1,28,,,
rr value of circumcision,3:1,28,,,
esv: His praise is not from man but from God. Then what advantage has the Jew? Or what is the value of circumcision?,blanks,28,,0,
FL - 3:2,"Much, God",28,,0,
"rr Much in every way. To begin with, the Jews were entrusted with the oracles of God.",3:2,28,,0,
rr Much in every,3:2,28,,,
rr way. To begin,3:2,28,,,
"rr with, the Jews",3:2,28,,,
rr were entrusted with,3:2,28,,,
rr the oracles of God,3:2,28,,,
"esv: Then what advantage has the Jew? Or what is the value of circumcision? Much in every way. To begin with, the Jews were entrusted with the oracles of God.",blanks,28,,0,
FL - 3:3,"What, God",28,,0,
rr What if some were unfaithful? Does their faithlessness nullify the faithfulness of God?,3:3,28,,0,
rr What if some,3:3,28,,,
rr were unfaithful? Does,3:3,28,,,
rr their faithlessness nullify,3:3,28,,,
rr the faithfulness of,3:3,28,,,
rr faithfulness of God,3:3,28,,,
"esv: Much in every way. To begin with, the Jews were entrusted with the oracles of God. What if some were unfaithful? Does their faithlessness nullify the faithfulness of God?",blanks,28,,0,
FL - 3:4a,"By, written",28,,0,
"rr By no means! Let God be true though every one were a liar, as it is written,",3:4a,28,,0,
rr By no means!,"3:4a, 6",28,,,
rr Let God be true,3:4a,28,,,
rr though every one,3:4a,28,,,
rr were a liar,3:4a,28,,,
"esv: What if some were unfaithful? Does their faithlessness nullify the faithfulness of God? By no means! Let God be true though every one were a liar, as it is written,",blanks,28,,0,
FL - 3:4b,"That, judged",28,,0,
"rr That you may be justified in your words, and prevail when you are judged.",3:4b,28,,0,
rr that you may,3:4b,28,,0,
rr be justified in,3:4b,28,,0,
rr your words and,3:4b,28,,0,
rr prevail when you,3:4b,28,,0,
rr you are judged,3:4b,28,,0,
"esv: By no means! Let God be true though every one were a liar, as it is written, That you may be justified in your words, and prevail when you are judged.",blanks,28,,0,
FL - 3:5a,"But, say",28,,0,
"rr But if our unrighteousness serves to show the righteousness of God, what shall we say?",3:5a,28,,0,
"pick3: But if our unrighteousness serves to show ~the ~righteousness of God, what shall we say?",3:5a,28,28,,
"esv: That you may be justified in your words, and prevail when you are judged. But if our unrighteousness serves to show the righteousness of God, what shall we say?",blanks,28,,0,
FL - 3:5b,"That, way",28,,0,
pick3: That God is unrighteous to inflict wrath on us? (I speak in a human way.),3:5b,28,,0,
rr That God is,3:5b,28,,0,
rr unrighteous to inflict,3:5b,28,,0,
rr wrath on us,3:5b,28,,0,
rr I speak in a human way,3:5b,28,,0,
"esv: But if our unrighteousness serves to show the righteousness of God, what shall we say? That God is unrighteous to inflict wrath on us? (I speak in a human way.)",blanks,28,,0,
FL - 3:6,"By, world",28,,0,
rr By no means! For then how could God judge the world?,3:6,28,,0,
rr For then how,3:6,28,,0,
rr how could God,3:6,28,,0,
rr judge the world,3:6,28,,0,
esv: That God is unrighteous to inflict wrath on us? (I speak in a human way.) By no means! For then how could God judge the world?,blanks,28,,0,
FL - 3:7,"But, sinner",28,,0,
"rr But if through my lie God's truth abounds to his glory, why am I still being condemned as a sinner?",3:7,28,,0,
rr through my lie,3:7,28,,0,
rr God's truth,3:7,28,,0,
rr truth abounds,3:7,28,,0,
rr to His glory,3:7,28,,0,
rr why am I still ...,3:7,28,,0,
rr being condemned,3:7,28,,0,
"esv: By no means! For then how could God judge the world? But if through my lie God's truth abounds to his glory, why am I still being condemned as a sinner?",blanks,28,,0,
FL - 3:8a,"And, saying",28,,0,
rr And why not do evil that good may come? as some people slanderously charge us with saying.,3:8a,28,,0,
rr why not do evil,3:8a,28,,0,
rr that good may come,3:8a,28,,0,
rr some people,3:8a,28,,0,
rr slanderously charge,3:8a,28,,0,
rr charge us,3:8a,28,,0,
"esv: But if through my lie God's truth abounds to his glory, why am I still being condemned as a sinner? And why not do evil that good may come? as some people slanderously charge us with saying.",blanks,28,,0,
FL - 3:8b,"Their, just",28,,0,
rr Their condemnation is just.,3:8b,28,,0,
rr Their condemnation,3:8b,28,,0,
rr is just,3:8b,28,,0,
esv: And why not do evil that good may come? as some people slanderously charge us with saying. Their condemnation is just.,blanks,28,,0,
,,,,,
Chapter 2 Corroborating Verses,Title,28,29,0,
rr Why do you judge your brother? Or why do you despise your brother?,14:10a,28,29,0,
rr For we will all stand before the judgment seat of God,14:10b,28,29,0,
rr So then each of us will give an account of himself to God,14:12,28,29,0,
FL - James 2:24,"You, alone",28,29,0,
James_Ref: You see that a person is justified by works and not by faith alone,2:24,28,29,0,
esv: You see that a person is justified by works and not by faith alone,blanks,28,29,0,
FL - 3:28,"For, law",28,29,0,
rr For we hold that one is justified by faith apart from works of the law.,3:28,28,29,0,
esv: For we hold that one is justified by faith apart from works of the law.,blanks,28,29,0,
,,,,,
,,,,,
,,,,,
,,,,,
,,,,,
,,,,,
,,,,,
,,,,,
,,,,,
,,,,,
,,,,,
,,,,,
,,,,,
,,,,,
,,,,,
"latin for ""sense of divinity""",sensus divinitatis,30,,,
natural theologies are __,theologies of glory,30,,,
gospel reveals the __,theology of the cross,30,,,
